fips,state,county,county_name,release_year,estimate_period,total_population,median_age,median_household_income,unemployment_rate_pct,poverty_rate_pct,median_home_value,median_gross_rent,owner_occupied_pct,renter_occupied_pct,rent_30_to_34_9_pct,rent_35_plus_pct,white_alone_pct,black_or_african_american_alone_pct,american_indian_alaska_native_alone_pct,asian_alone_pct,native_hawaiian_pacific_islander_alone_pct,some_other_race_alone_pct,two_or_more_races_pct,hispanic_or_latino_pct,white_non_hispanic_pct,rent_burden_30_plus_pct,home_value_to_income_ratio,annual_rent_to_income_ratio,annual_rent_to_income_pct
08001,08,001,Adams County,2014,2010-2014,461558,331755.0,57421,9.3,14.1,100071,52947,35.5,-888888888.0,-888888888.0,41.3,81.6,3.2,1.0,3.7,0.1,6.8,3.5,38.4,52.5,-888888846.7,1.7427596175615192,11.065011058671914,1106.5011058671914
08003,08,003,Alamosa County,2014,2010-2014,16111,12190.0,31400,10.7,27.9,3523,2202,41.2,-888888888.0,-888888888.0,43.5,84.8,1.8,2.0,1.8,0.1,5.6,4.0,45.6,49.5,-888888844.5,0.11219745222929936,0.8415286624203822,84.15286624203821
08005,08,005,Arapahoe County,2014,2010-2014,596684,447424.0,62213,8.1,11.7,142463,82100,37.6,-888888888.0,-888888888.0,42.9,73.7,10.1,0.7,5.2,0.2,5.5,4.6,18.6,62.6,-888888845.1,2.289923327921817,15.835918537926156,1583.5918537926157
08007,08,007,Archuleta County,2014,2010-2014,12132,9905.0,48186,9.2,11.1,3746,1473,29.9,-888888888.0,-888888888.0,41.5,87.6,0.5,2.2,0.8,0.1,6.9,1.9,18.2,77.5,-888888846.5,0.07774042252936537,0.3668285394097871,36.68285394097871
08009,08,009,Baca County,2014,2010-2014,3735,2936.0,38625,3.7,16.3,1177,356,28.1,-888888888.0,-888888888.0,28.9,95.7,1.6,1.0,0.2,0.1,0.5,1.0,9.6,86.9,-888888859.1,0.030472491909385113,0.11060194174757282,11.060194174757282
08011,08,011,Bent County,2014,2010-2014,6000,5005.0,39053,10.1,18.4,1185,501,33.7,-888888888.0,-888888888.0,36.3,80.8,12.1,2.6,0.9,0.0,2.1,1.5,31.1,53.0,-888888851.7,0.030343379509896806,0.15394463933628658,15.394463933628657
08013,08,013,Boulder County,2014,2010-2014,305166,241959.0,69407,6.9,14.6,76007,43264,37.5,-888888888.0,-888888888.0,49.7,87.7,0.9,0.5,4.2,0.1,3.7,3.0,13.6,78.8,-888888838.3,1.0950912732145173,7.480052444277955,748.0052444277954
08014,08,014,Broomfield County,2014,2010-2014,59027,44109.0,80430,6.0,6.3,15760,6634,30.4,-888888888.0,-888888888.0,37.9,86.9,1.0,0.4,6.0,0.0,2.2,3.5,11.6,78.7,-888888850.1,0.195946786025115,0.9897799328608728,98.97799328608728
08015,08,015,Chaffee County,2014,2010-2014,18121,15238.0,48528,6.1,8.7,5855,1802,24.3,-888888888.0,-888888888.0,34.4,93.7,2.3,1.0,0.3,0.0,1.0,1.7,9.9,85.8,-888888853.6,0.12065199472469502,0.4455984174085064,44.55984174085064
08017,08,017,Cheyenne County,2014,2010-2014,2153,1566.0,53900,5.8,8.7,606,144,23.1,-888888888.0,-888888888.0,4.2,96.8,0.3,0.3,1.3,0.0,0.3,1.0,15.2,82.5,-888888883.8,0.0112430426716141,0.032059369202226344,3.2059369202226344
08019,08,019,Clear Creek County,2014,2010-2014,9114,7642.0,68531,7.3,9.3,3299,750,19.6,-888888888.0,-888888888.0,33.6,94.4,1.4,0.7,0.9,0.0,1.4,1.2,5.2,91.3,-888888854.4,0.048138798499948926,0.13132742846303133,13.132742846303133
08021,08,021,Conejos County,2014,2010-2014,8276,5985.0,37357,9.2,18.6,2401,525,20.6,-888888888.0,-888888888.0,34.9,89.6,0.1,1.7,0.1,0.0,3.8,4.7,54.7,43.1,-888888853.1,0.06427175629734722,0.16864309232540087,16.864309232540087
08023,08,023,Costilla County,2014,2010-2014,3578,2850.0,33594,15.1,25.0,1081,224,22.6,-888888888.0,-888888888.0,62.9,89.6,0.0,0.7,0.8,0.0,2.5,6.4,64.8,31.5,-888888825.1,0.032178365184259095,0.08001428826576175,8.001428826576175
08025,08,025,Crowley County,2014,2010-2014,5558,4722.0,31534,28.8,28.3,925,203,21.1,-888888888.0,-888888888.0,37.9,83.1,7.9,2.7,0.6,0.2,3.0,2.5,29.7,57.2,-888888850.1,0.02933341789814169,0.0772499524322953,7.72499524322953
08027,08,027,Custer County,2014,2010-2014,4274,3629.0,32261,12.8,17.7,1694,368,20.3,-888888888.0,-888888888.0,46.2,96.0,2.1,0.0,0.2,0.0,0.5,1.1,3.1,93.5,-888888841.8,0.052509221660828866,0.13688354359753263,13.688354359753262
08029,08,029,Delta County,2014,2010-2014,30378,23925.0,42389,12.1,16.2,8996,2981,28.2,-888888888.0,-888888888.0,46.7,94.9,1.1,0.7,0.6,0.0,1.6,1.2,14.5,82.3,-888888841.3,0.21222486965958148,0.8438981811318974,84.38981811318975
08031,08,031,Denver County,2014,2010-2014,633777,500269.0,51800,7.8,18.3,134843,130179,50.3,-888888888.0,-888888888.0,40.4,74.7,9.8,1.1,3.5,0.1,7.4,3.4,31.2,52.9,-888888847.6,2.6031467181467183,30.157297297297298,3015.7297297297296
08033,08,033,Dolores County,2014,2010-2014,1736,1399.0,32578,8.1,20.1,615,96,19.0,-888888888.0,-888888888.0,43.8,94.5,0.0,1.3,0.1,0.2,0.0,3.9,6.9,88.1,-888888844.2,0.01887777027441832,0.035361286757934804,3.5361286757934804
08035,08,035,Douglas County,2014,2010-2014,299794,211724.0,102626,4.7,4.1,85040,19264,19.3,-888888888.0,-888888888.0,33.7,90.9,1.0,0.3,3.9,0.0,1.0,2.9,8.0,84.5,-888888854.3,0.8286399158108082,2.252528598990509,225.25285989905092
08037,08,037,Eagle County,2014,2010-2014,52233,39916.0,73774,5.0,10.0,12153,5512,32.6,-888888888.0,-888888888.0,34.7,89.8,1.0,0.5,0.5,0.0,6.4,1.8,30.0,67.2,-888888853.3,0.16473283270528913,0.8965760294954862,89.65760294954862
08041,08,041,El Paso County,2014,2010-2014,645707,480412.0,57487,9.3,12.5,151792,84326,36.8,-888888888.0,-888888888.0,40.1,80.7,6.0,0.6,2.6,0.3,4.2,5.6,15.7,71.1,-888888847.9,2.6404578426426846,17.602449249395516,1760.2449249395515
08039,08,039,Elbert County,2014,2010-2014,23545,17916.0,82154,7.4,7.3,7346,817,11.1,-888888888.0,-888888888.0,35.6,95.5,0.5,0.4,0.6,0.0,0.4,2.5,5.9,90.3,-888888852.4,0.0894174355478735,0.11933685517442852,11.933685517442852
08043,08,043,Fremont County,2014,2010-2014,46879,38927.0,40569,9.2,17.6,11944,4129,28.0,-888888888.0,-888888888.0,41.6,86.4,5.9,1.6,1.2,0.1,2.2,2.5,12.8,76.8,-888888846.4,0.29441198945007274,1.221326628706648,122.1326628706648
08045,08,045,Garfield County,2014,2010-2014,56684,41684.0,57214,7.6,11.7,13294,6603,34.6,-888888888.0,-888888888.0,42.1,88.5,0.9,0.8,0.7,0.0,6.4,2.6,28.2,68.9,-888888845.9,0.23235571713217046,1.3849057922886008,138.49057922886007
08047,08,047,Gilpin County,2014,2010-2014,5557,4369.0,65851,5.7,10.3,1827,608,25.8,-888888888.0,-888888888.0,35.0,92.4,0.4,0.1,0.3,0.0,2.7,4.1,8.0,88.8,-888888853.0,0.027744453387192298,0.11079558396987138,11.079558396987139
08049,08,049,Grand County,2014,2010-2014,14478,11486.0,64109,5.5,12.1,3944,1171,24.3,-888888888.0,-888888888.0,26.7,91.6,0.6,0.2,1.5,0.3,5.1,0.7,7.6,88.2,-888888861.3,0.0615202233695737,0.21918919340498214,21.918919340498213
08051,08,051,Gunnison County,2014,2010-2014,15503,12609.0,51371,8.8,17.7,3732,2448,41.1,-888888888.0,-888888888.0,39.7,95.8,0.5,0.6,0.9,0.0,0.2,1.9,8.8,88.2,-888888848.3,0.07264799205777579,0.5718401432714956,57.184014327149555
08053,08,053,Hinsdale County,2014,2010-2014,871,759.0,55682,4.2,7.5,331,74,20.8,-888888888.0,-888888888.0,36.5,98.0,0.0,0.0,0.0,0.0,0.0,2.0,2.2,95.9,-888888851.5,0.005944470385402823,0.01594770302790848,1.5947703027908482
08055,08,055,Huerfano County,2014,2010-2014,6550,5463.0,32932,14.3,19.8,2104,572,26.5,-888888888.0,-888888888.0,46.7,80.3,0.6,5.5,0.2,0.0,4.6,8.8,35.0,61.4,-888888841.3,0.06388922628446496,0.20842949107251305,20.842949107251304
08057,08,057,Jackson County,2014,2010-2014,1389,1107.0,45606,1.3,14.7,443,122,31.2,-888888888.0,-888888888.0,48.4,92.4,0.1,0.9,0.4,0.0,6.1,0.1,18.5,80.8,-888888839.6,0.00971363417094242,0.03210103933692935,3.210103933692935
08059,08,059,Jefferson County,2014,2010-2014,546162,428616.0,69698,7.0,8.7,154706,63011,29.9,-888888888.0,-888888888.0,41.3,90.9,1.1,0.9,2.6,0.1,1.9,2.7,14.9,79.2,-888888846.7,2.219661970214353,10.848690062842548,1084.8690062842547
08061,08,061,Kiowa County,2014,2010-2014,1407,1003.0,39375,3.2,14.7,408,103,27.0,-888888888.0,-888888888.0,28.2,94.5,0.8,0.4,0.1,0.0,0.0,4.2,6.0,88.7,-888888859.8,0.010361904761904761,0.03139047619047619,3.139047619047619
08063,08,063,Kit Carson County,2014,2010-2014,8122,6299.0,41495,6.5,15.5,2028,834,33.6,-888888888.0,-888888888.0,35.1,91.6,3.4,1.6,0.5,0.2,2.2,0.4,19.1,75.1,-888888852.9,0.04887335823593204,0.24118568502229185,24.118568502229184
08067,08,067,La Plata County,2014,2010-2014,52547,42087.0,58456,6.0,11.1,14087,6334,33.3,-888888888.0,-888888888.0,41.2,87.9,0.4,5.8,0.7,0.1,2.9,2.2,12.3,79.8,-888888846.8,0.2409846722321062,1.3002600246339127,130.02600246339128
08065,08,065,Lake County,2014,2010-2014,7311,5643.0,46174,6.5,12.2,1875,1106,39.6,-888888888.0,-888888888.0,35.1,88.6,0.5,0.2,1.1,0.1,7.8,1.7,29.5,67.1,-888888852.9,0.040607268159570324,0.28743448694070256,28.743448694070256
08069,08,069,Larimer County,2014,2010-2014,311435,246500.0,58844,7.5,13.7,79788,40775,35.0,-888888888.0,-888888888.0,47.5,90.8,0.9,0.6,1.9,0.1,2.6,3.0,10.8,83.8,-888888840.5,1.3559241383998368,8.315206308204745,831.5206308204745
08071,08,071,Las Animas County,2014,2010-2014,14789,11834.0,45707,9.0,16.3,4218,1452,28.4,-888888888.0,-888888888.0,45.7,84.5,1.3,2.1,0.6,0.2,6.7,4.6,42.2,53.3,-888888842.3,0.09228345767606712,0.3812107554641521,38.12107554641521
08073,08,073,Lincoln County,2014,2010-2014,5462,4488.0,43701,7.9,16.3,1162,511,33.9,-888888888.0,-888888888.0,39.9,84.1,12.2,1.9,0.1,0.0,0.4,1.4,13.0,71.9,-888888848.1,0.02658978055422073,0.1403171552138395,14.03171552138395
08075,08,075,Logan County,2014,2010-2014,22604,18260.0,41749,11.8,16.9,5290,2232,32.4,-888888888.0,-888888888.0,35.0,92.3,1.3,0.9,1.5,0.0,1.2,2.8,15.9,79.8,-888888853.0,0.1267096217873482,0.6415483005580972,64.15483005580973
08077,08,077,Mesa County,2014,2010-2014,147509,113669.0,48610,9.2,15.8,41098,16478,30.3,-888888888.0,-888888888.0,47.0,92.2,0.7,0.8,0.6,0.1,2.9,2.7,13.7,82.4,-888888841.0,0.8454638963176301,4.067804978399506,406.7804978399506
08079,08,079,Mineral County,2014,2010-2014,704,663.0,47986,0.6,6.8,320,37,14.7,-888888888.0,-888888888.0,29.7,96.0,0.7,0.0,0.1,0.0,2.4,0.7,2.7,95.7,-888888858.3,0.0066686116784062015,0.009252698703788606,0.9252698703788605
08081,08,081,Moffat County,2014,2010-2014,13286,9790.0,50123,5.5,11.6,3607,1166,26.2,-888888888.0,-888888888.0,42.5,92.8,0.2,2.3,0.9,0.9,1.9,1.0,14.3,82.4,-888888845.5,0.07196297109111585,0.27915328292400693,27.915328292400694
08083,08,083,Montezuma County,2014,2010-2014,25569,19727.0,43431,9.6,18.4,7424,2729,30.3,-888888888.0,-888888888.0,42.1,83.1,0.3,12.2,0.4,0.0,1.4,2.6,11.8,74.1,-888888845.9,0.1709378093988165,0.754023623678939,75.4023623678939
08085,08,085,Montrose County,2014,2010-2014,40885,31380.0,44885,9.9,17.2,11793,4493,29.9,-888888888.0,-888888888.0,44.5,91.7,0.7,0.9,0.5,0.2,3.6,2.4,20.1,76.8,-888888843.5,0.26273810849949875,1.201203074523783,120.1203074523783
08087,08,087,Morgan County,2014,2010-2014,28342,20602.0,46223,5.8,12.3,6593,3476,36.9,-888888888.0,-888888888.0,33.1,89.4,2.6,0.5,0.1,0.1,4.2,2.9,34.6,60.8,-888888854.9,0.14263461912900505,0.9024078921748913,90.24078921748912
08089,08,089,Otero County,2014,2010-2014,18712,14224.0,32594,11.0,25.8,4797,2341,35.0,-888888888.0,-888888888.0,47.8,90.8,0.5,1.8,1.0,0.8,3.7,1.4,40.8,55.8,-888888840.2,0.14717432656317114,0.8618764189728171,86.18764189728171
08091,08,091,Ouray County,2014,2010-2014,4532,3903.0,60701,10.5,7.4,1433,432,27.2,-888888888.0,-888888888.0,32.6,97.6,0.0,0.6,0.1,0.0,0.0,1.7,6.0,92.3,-888888855.4,0.023607518821765705,0.08540221742640154,8.540221742640155
08093,08,093,Park County,2014,2010-2014,16174,13316.0,60800,6.7,8.3,6276,857,12.6,-888888888.0,-888888888.0,48.4,95.9,0.0,1.3,0.6,0.7,0.1,1.3,5.4,90.7,-888888839.6,0.10322368421052631,0.16914473684210526,16.914473684210527
08095,08,095,Phillips County,2014,2010-2014,4385,3262.0,44390,6.1,18.6,1128,436,31.9,-888888888.0,-888888888.0,42.7,93.0,0.3,0.6,0.8,0.0,2.7,2.6,25.0,71.8,-888888845.3,0.025411128632574904,0.11786438387024105,11.786438387024106
08097,08,097,Pitkin County,2014,2010-2014,17303,14404.0,71060,7.8,8.8,4941,2188,32.8,-888888888.0,-888888888.0,31.9,94.9,1.7,0.6,1.0,0.0,0.8,1.0,9.6,86.6,-888888856.1,0.06953278919223192,0.3694905713481565,36.94905713481565
08099,08,099,Prowers County,2014,2010-2014,12359,9042.0,35408,9.9,21.8,3280,1491,33.4,-888888888.0,-888888888.0,33.3,94.4,0.4,1.1,0.5,0.0,2.1,1.5,35.9,61.6,-888888854.7,0.09263443289652055,0.5053095345684591,50.53095345684591
08101,08,101,Pueblo County,2014,2010-2014,160757,122521.0,41974,11.1,19.3,40786,20681,35.1,-888888888.0,-888888888.0,47.0,78.6,2.1,2.5,0.7,0.1,11.7,4.4,42.0,53.4,-888888841.0,0.9716967646638395,5.912517272597322,591.2517272597322
08103,08,103,Rio Blanco County,2014,2010-2014,6739,5146.0,63910,4.1,16.8,1773,706,32.9,-888888888.0,-888888888.0,25.8,95.0,0.5,2.1,0.6,0.2,0.6,1.0,10.5,85.1,-888888862.2,0.027742137380691596,0.13256141448912534,13.256141448912533
08105,08,105,Rio Grande County,2014,2010-2014,11840,8938.0,38673,8.8,20.1,3132,1480,33.9,-888888888.0,-888888888.0,32.8,82.0,0.4,2.6,0.3,0.1,12.0,2.5,43.6,53.7,-888888855.2,0.08098673493134745,0.4592351252812039,45.92351252812039
08107,08,107,Routt County,2014,2010-2014,23428,18751.0,61095,6.3,10.4,6803,2515,28.9,-888888888.0,-888888888.0,45.3,94.3,0.5,0.4,1.2,0.0,2.2,1.3,6.8,90.3,-888888842.7,0.11135117440052378,0.4939847778050577,49.398477780505765
08109,08,109,Saguache County,2014,2010-2014,6211,4825.0,33398,11.4,25.1,1782,679,31.4,-888888888.0,-888888888.0,42.3,85.5,0.4,1.1,0.5,0.0,8.5,4.0,39.2,56.9,-888888845.7,0.05335648841247979,0.24396670459308942,24.396670459308943
08111,08,111,San Juan County,2014,2010-2014,653,588.0,37679,18.5,16.5,208,110,38.5,-888888888.0,-888888888.0,50.0,93.1,0.0,0.9,1.5,0.0,4.0,0.5,21.7,73.8,-888888838.0,0.005520316356591204,0.03503277687836726,3.5032776878367264
08113,08,113,San Miguel County,2014,2010-2014,7597,6145.0,59490,5.7,10.4,2060,1221,38.1,-888888888.0,-888888888.0,40.5,96.5,0.2,0.3,1.2,0.0,0.5,1.2,9.3,87.6,-888888847.5,0.03462766851571693,0.24629349470499243,24.629349470499243
08115,08,115,Sedgwick County,2014,2010-2014,2365,1891.0,43864,8.0,15.6,649,265,30.4,-888888888.0,-888888888.0,23.8,91.3,0.4,0.5,1.0,0.0,2.3,4.5,17.2,76.9,-888888864.2,0.014795732263359476,0.072496808316615,7.249680831661499
08117,08,117,Summit County,2014,2010-2014,28482,23699.0,64521,5.7,14.1,7008,3091,32.5,-888888888.0,-888888888.0,36.7,89.2,0.7,0.8,1.2,0.3,6.2,1.5,14.5,81.4,-888888851.3,0.1086157995071372,0.5748825963639745,57.48825963639745
08119,08,119,Teller County,2014,2010-2014,23363,18823.0,62559,9.1,7.2,7835,1627,18.5,-888888888.0,-888888888.0,49.9,94.2,0.9,0.5,1.0,0.0,1.4,2.1,5.9,89.8,-888888838.1,0.12524177176745152,0.3120893876180885,31.208938761808852
08121,08,121,Washington County,2014,2010-2014,4781,3743.0,44271,5.5,12.9,1462,434,26.4,-888888888.0,-888888888.0,27.4,96.4,1.0,0.3,0.1,0.0,0.9,1.4,9.1,88.6,-888888860.6,0.03302387567482099,0.11763908653520364,11.763908653520364
08123,08,123,Weld County,2014,2010-2014,265066,192801.0,58100,7.5,13.5,64617,25789,30.0,-888888888.0,-888888888.0,42.8,86.7,1.1,0.9,1.3,0.1,7.1,2.7,28.5,67.1,-888888845.2,1.112168674698795,5.3264716006884685,532.6471600688468
08125,08,125,Yuma County,2014,2010-2014,10131,7420.0,43279,2.6,10.2,2484,1124,35.2,-888888888.0,-888888888.0,32.2,89.8,1.0,0.1,0.1,0.0,5.8,3.2,21.4,77.1,-888888855.8,0.057395041475080295,0.31165230250236836,31.165230250236835
08001,08,001,Adams County,2019,2015-2019,504108,33.8,71202,4.0,10.8,307600,1346,66.2,33.8,11.1,43.9,81.6,3.4,1.1,4.0,0.1,5.6,4.3,40.0,50.0,55.0,4.320103367882925,0.22684756046178478,22.684756046178478
08003,08,003,Alamosa County,2019,2015-2019,16107,31.8,37515,9.2,23.5,157500,700,57.8,42.2,8.9,39.1,86.4,0.9,3.3,1.3,0.5,4.9,2.7,46.8,47.6,48.0,4.198320671731308,0.22391043582566975,22.391043582566976
08005,08,005,Arapahoe County,2019,2015-2019,644560,36.6,77469,4.1,8.1,358200,1390,63.5,36.5,10.7,42.1,71.5,10.8,0.7,6.0,0.2,6.2,4.5,19.2,60.3,52.8,4.623784997870116,0.21531193122410255,21.531193122410254
08007,08,007,Archuleta County,2019,2015-2019,13253,50.9,52221,5.1,8.8,314400,961,72.2,27.8,13.7,36.4,84.0,1.7,1.4,1.0,0.1,10.3,1.5,18.4,76.3,50.099999999999994,6.020566438788993,0.22083070029298557,22.083070029298558
08009,08,009,Baca County,2019,2015-2019,3561,46.0,35878,2.1,19.0,83500,443,71.0,29.0,3.7,27.0,94.3,1.0,1.6,0.0,0.1,0.8,2.3,11.0,84.8,30.7,2.3273315123473997,0.14816879424717097,14.816879424717097
08011,08,011,Bent County,2019,2015-2019,5787,40.2,30900,5.8,29.5,81000,643,59.6,40.4,16.1,43.7,91.4,4.1,1.0,0.2,0.0,1.9,1.4,32.1,63.4,59.800000000000004,2.621359223300971,0.24970873786407766,24.970873786407765
08013,08,013,Boulder County,2019,2015-2019,322510,36.6,83019,4.2,11.7,497300,1495,62.2,37.8,9.2,47.7,89.0,0.9,0.4,4.7,0.1,1.8,3.0,13.9,77.6,56.900000000000006,5.990195015598839,0.21609511075777835,21.609511075777835
08014,08,014,Broomfield County,2019,2015-2019,67886,37.8,96416,3.2,5.6,413500,1679,65.2,34.8,9.7,35.4,86.3,1.3,0.4,6.5,0.0,1.9,3.6,12.4,76.8,45.099999999999994,4.288707268503153,0.20896946564885496,20.896946564885496
08015,08,015,Chaffee County,2019,2015-2019,19557,49.2,55771,3.4,9.8,357800,931,77.8,22.2,5.5,42.3,93.7,1.7,0.5,1.5,0.0,0.8,1.9,10.0,84.9,47.8,6.41552061107027,0.20031916228864463,20.031916228864464
08017,08,017,Cheyenne County,2019,2015-2019,2026,39.4,53977,7.4,10.2,108000,525,71.4,28.6,12.3,15.1,93.5,0.1,0.1,2.2,0.2,0.0,3.9,17.1,77.8,27.4,2.000852214832243,0.11671637919854753,11.671637919854753
08019,08,019,Clear Creek County,2019,2015-2019,9495,48.1,67060,3.1,7.8,378300,938,77.2,22.8,9.3,37.0,94.2,1.2,0.3,1.0,0.1,0.0,3.2,7.0,88.7,46.3,5.64121682075753,0.16784968684759916,16.784968684759917
08021,08,021,Conejos County,2019,2015-2019,8128,38.8,36084,10.5,21.7,120500,543,79.4,20.6,14.9,34.4,88.8,0.5,2.5,0.2,0.3,5.1,2.6,52.4,44.6,49.3,3.339430218379337,0.18057864981709346,18.057864981709347
08023,08,023,Costilla County,2019,2015-2019,3745,51.9,30965,9.6,27.3,113000,532,69.0,31.0,3.4,47.5,88.4,0.4,2.1,1.3,0.0,3.9,4.0,61.9,33.4,50.9,3.649281446794768,0.20616825448086548,20.616825448086548
08025,08,025,Crowley County,2019,2015-2019,5754,35.4,42135,14.8,27.9,79400,914,72.5,27.5,8.6,29.4,88.6,3.5,1.4,0.6,0.0,1.1,4.8,31.9,61.5,38.0,1.8844191289901506,0.2603061587753649,26.03061587753649
08027,08,027,Custer County,2019,2015-2019,4776,59.7,53119,5.7,12.7,281900,620,87.2,12.8,11.8,45.0,93.0,2.9,0.9,0.0,0.0,0.8,2.4,9.2,85.2,56.8,5.306952314614357,0.14006287768971554,14.006287768971553
08029,08,029,Delta County,2019,2015-2019,30565,47.3,45269,6.6,18.3,241500,834,73.6,26.4,6.6,52.0,94.4,1.2,0.9,1.1,0.0,0.9,1.5,15.2,81.3,58.6,5.334776557909386,0.22107844220106473,22.10784422010647
08031,08,031,Denver County,2019,2015-2019,705576,34.5,68592,3.8,12.9,390600,1311,49.9,50.1,8.9,38.2,76.1,9.2,0.9,3.7,0.2,6.1,3.8,29.9,54.2,47.1,5.694541637508747,0.22935619314205738,22.935619314205738
08033,08,033,Dolores County,2019,2015-2019,1857,48.8,45972,3.9,13.2,116600,817,81.6,18.4,15.1,29.0,96.7,0.0,1.7,0.0,0.0,0.2,1.5,7.1,89.8,44.1,2.5363264595840946,0.21326024536674498,21.3260245366745
08035,08,035,Douglas County,2019,2015-2019,336041,38.7,119730,2.9,3.1,468700,1725,79.0,21.0,10.7,33.3,88.9,1.5,0.4,4.8,0.1,1.5,3.0,8.7,82.2,44.0,3.914641276204794,0.17288900025056378,17.28890002505638
08037,08,037,Eagle County,2019,2015-2019,54681,37.0,84790,1.9,8.0,562300,1594,69.8,30.2,6.4,46.7,88.9,1.2,0.2,0.7,0.1,7.2,1.8,29.6,67.2,53.1,6.63167826394622,0.2255926406415851,22.55926406415851
08041,08,041,El Paso County,2019,2015-2019,698974,34.2,68779,5.8,10.1,275000,1174,64.0,36.0,10.4,41.4,79.6,6.4,0.8,2.8,0.4,4.1,6.0,17.1,69.1,51.8,3.9983134386949506,0.2048299626339435,20.48299626339435
08039,08,039,Elbert County,2019,2015-2019,25717,46.1,99199,2.0,4.8,463600,1182,90.0,10.0,3.2,26.4,93.6,0.4,1.0,1.0,0.1,1.0,3.0,7.0,88.5,29.599999999999998,4.673434208006129,0.14298531235193904,14.298531235193904
08043,08,043,Fremont County,2019,2015-2019,47321,45.1,49409,5.5,14.5,174000,838,75.0,25.0,8.7,39.9,89.8,4.6,1.4,0.7,0.0,1.3,2.2,13.3,79.1,48.599999999999994,3.5216256147665406,0.20352567346030076,20.352567346030074
08045,08,045,Garfield County,2019,2015-2019,59055,36.5,75937,4.4,8.6,360600,1201,66.9,33.1,10.2,33.6,86.1,0.5,0.7,0.9,0.1,9.9,1.9,28.4,68.1,43.8,4.748673242292953,0.18978890395986148,18.97889039598615
08047,08,047,Gilpin County,2019,2015-2019,6018,49.0,76429,1.5,4.9,353400,1159,79.6,20.4,8.6,39.0,92.4,0.3,2.7,0.0,0.0,0.0,4.5,8.4,85.3,47.6,4.623899305237541,0.1819728113674129,18.19728113674129
08049,08,049,Grand County,2019,2015-2019,15303,42.9,71198,3.3,9.5,308200,1047,68.5,31.5,5.3,37.4,94.8,1.1,0.0,1.4,0.1,1.4,1.1,8.8,87.3,42.699999999999996,4.328773280148319,0.17646563105705215,17.646563105705216
08051,08,051,Gunnison County,2019,2015-2019,16802,34.5,56577,5.1,13.4,367300,992,61.4,38.6,10.0,40.1,95.7,0.6,1.0,0.3,0.2,0.2,1.9,9.4,86.9,50.1,6.492037400357035,0.21040352086536931,21.04035208653693
08053,08,053,Hinsdale County,2019,2015-2019,857,56.1,56339,4.7,9.8,350000,756,71.6,28.4,12.4,16.9,94.2,0.0,2.3,0.5,0.0,0.9,2.1,5.7,90.0,29.299999999999997,6.212392836223575,0.16102522231491506,16.102522231491506
08055,08,055,Huerfano County,2019,2015-2019,6679,55.0,38137,3.1,15.8,161600,626,71.8,28.2,10.1,42.5,91.9,0.5,1.8,0.0,0.0,1.5,4.2,34.3,61.1,52.6,4.237354799800719,0.19697406717885518,19.697406717885517
08057,08,057,Jackson County,2019,2015-2019,1261,51.6,53300,1.7,9.6,196700,625,79.9,20.1,0.0,11.7,97.9,0.0,0.0,0.0,0.0,1.7,0.4,17.4,82.2,11.7,3.6904315196998123,0.14071294559099437,14.071294559099437
08059,08,059,Jefferson County,2019,2015-2019,574798,40.3,82986,3.6,7.1,397700,1376,70.7,29.3,9.3,42.0,90.6,1.2,0.7,2.8,0.1,1.9,2.8,15.4,78.1,51.3,4.792374617405345,0.19897332080109897,19.897332080109898
08061,08,061,Kiowa County,2019,2015-2019,1489,42.5,41731,2.8,12.1,86500,750,74.3,25.7,1.7,33.3,96.2,0.4,0.0,0.0,0.0,0.3,3.1,4.8,91.7,35.0,2.072799597421581,0.21566701013634948,21.566701013634948
08063,08,063,Kit Carson County,2019,2015-2019,7447,38.3,49349,3.6,6.1,122400,736,66.4,33.6,8.3,26.4,92.1,2.5,0.4,0.2,0.3,3.8,0.7,19.1,77.0,34.7,2.4802934203327323,0.1789701918985187,17.89701918985187
08067,08,067,La Plata County,2019,2015-2019,55617,40.4,68685,4.1,9.1,395600,1147,70.7,29.3,13.1,41.5,88.0,0.5,6.6,0.7,0.0,1.9,2.3,12.8,78.5,54.6,5.759627283977578,0.20039309892989735,20.039309892989735
08065,08,065,Lake County,2019,2015-2019,7751,36.7,50565,4.1,14.6,232100,982,68.4,31.6,20.8,44.7,85.3,0.1,1.5,0.8,0.0,10.5,1.6,32.4,63.8,65.5,4.590131513893009,0.2330465737169979,23.30465737169979
08069,08,069,Larimer County,2019,2015-2019,344786,36.0,71881,4.7,11.6,363800,1297,65.0,35.0,9.1,47.0,91.3,1.0,0.8,2.2,0.1,1.5,3.2,11.5,82.6,56.1,5.061142721998859,0.2165245336041513,21.65245336041513
08071,08,071,Las Animas County,2019,2015-2019,14266,45.9,41817,8.1,18.5,151100,712,67.4,32.6,8.1,41.8,84.9,0.9,3.8,1.0,0.0,4.2,5.2,41.5,52.9,49.9,3.6133629863452663,0.20431881770571778,20.431881770571778
08073,08,073,Lincoln County,2019,2015-2019,5585,38.0,47258,2.7,14.8,147100,780,70.6,29.4,14.3,37.8,89.0,8.2,0.8,0.4,0.2,0.4,0.9,22.5,67.1,52.099999999999994,3.1127004951542596,0.19806170383850352,19.80617038385035
08075,08,075,Logan County,2019,2015-2019,22380,38.2,53318,3.3,12.6,157900,786,65.2,34.8,12.0,37.9,91.4,0.8,0.8,0.8,0.9,1.1,4.1,16.8,76.2,49.9,2.9614764244720355,0.17690085899696162,17.69008589969616
08077,08,077,Mesa County,2019,2015-2019,151218,39.7,55379,6.7,14.2,227000,963,68.2,31.8,9.0,43.1,94.0,0.7,0.9,0.9,0.1,1.1,2.3,14.5,81.4,52.1,4.099026706874447,0.20867115693674498,20.8671156936745
08079,08,079,Mineral County,2019,2015-2019,824,56.1,62188,2.6,13.7,308600,720,86.6,13.4,0.0,45.2,87.4,1.1,1.5,0.5,0.0,5.2,4.4,9.6,86.4,45.2,4.962372161831865,0.13893355631311508,13.893355631311508
08081,08,081,Moffat County,2019,2015-2019,13127,36.6,57229,4.4,17.0,182300,779,64.8,35.2,10.2,33.7,94.4,1.2,0.5,0.1,0.0,1.1,2.6,15.6,80.3,43.900000000000006,3.1854479372346187,0.16334375928288106,16.334375928288107
08083,08,083,Montezuma County,2019,2015-2019,26031,45.2,49470,5.1,15.1,222800,815,72.1,27.9,5.2,33.9,81.0,0.3,12.3,0.8,0.1,3.6,2.1,12.5,72.4,39.1,4.503739640185971,0.19769557307459065,19.769557307459067
08085,08,085,Montrose County,2019,2015-2019,41686,45.2,50489,6.3,15.1,224400,901,72.7,27.3,6.6,40.5,94.2,0.4,0.9,0.9,0.3,1.7,1.6,20.6,76.1,47.1,4.444532472419735,0.2141456554893145,21.41456554893145
08087,08,087,Morgan County,2019,2015-2019,28517,36.2,53682,4.1,11.0,201200,835,64.0,36.0,11.0,33.9,88.8,3.6,0.4,0.5,0.2,3.0,3.4,36.1,58.2,44.9,3.7479974665623486,0.18665474460713088,18.66547446071309
08089,08,089,Otero County,2019,2015-2019,18282,39.9,38169,7.3,23.7,94900,675,63.9,36.1,7.9,38.1,90.1,0.6,1.2,0.9,0.1,4.0,3.1,41.9,53.1,46.0,2.4863108805575207,0.21221410044800754,21.221410044800752
08091,08,091,Ouray County,2019,2015-2019,4796,54.1,66417,3.8,7.2,449000,1223,72.3,27.7,7.5,44.1,97.7,0.3,0.3,0.7,0.1,0.1,0.8,2.0,95.7,51.6,6.760317388620384,0.22096752337503953,22.096752337503954
08093,08,093,Park County,2019,2015-2019,17867,50.7,73622,5.5,7.3,327200,1125,86.4,13.6,10.1,52.2,94.3,0.3,0.4,0.7,0.1,0.7,3.4,6.1,88.9,62.300000000000004,4.444323707587406,0.183369101627231,18.3369101627231
08095,08,095,Phillips County,2019,2015-2019,4290,37.1,51155,1.4,6.1,158500,751,71.9,28.1,7.9,20.1,96.6,0.2,0.0,0.5,0.0,1.1,1.5,23.9,74.1,28.0,3.098426351285309,0.1761704623203988,17.61704623203988
08097,08,097,Pitkin County,2019,2015-2019,17926,41.8,78935,3.0,6.7,615900,1473,65.0,35.0,16.9,33.9,91.1,1.0,0.1,2.2,0.0,4.1,1.4,10.1,85.3,50.8,7.802622410844366,0.223931082536264,22.3931082536264
08099,08,099,Prowers County,2019,2015-2019,12022,38.3,41929,4.8,16.0,106100,697,65.4,34.6,11.9,35.2,94.4,0.8,1.5,0.6,0.0,1.0,1.7,38.0,58.9,47.1,2.530468172386654,0.1994800734575115,19.94800734575115
08101,08,101,Pueblo County,2019,2015-2019,165982,39.3,46783,7.5,18.9,164600,829,64.7,35.3,10.7,44.6,80.4,2.1,4.0,0.9,0.1,8.4,4.0,43.0,52.1,55.3,3.5183720582262787,0.21264134407797705,21.264134407797705
08103,08,103,Rio Blanco County,2019,2015-2019,6384,36.9,54357,5.9,10.6,197100,770,70.8,29.2,7.0,25.6,92.4,0.5,1.1,0.1,0.0,0.3,5.6,10.3,84.6,32.6,3.6260279264860094,0.16998730614272312,16.99873061427231
08105,08,105,Rio Grande County,2019,2015-2019,11305,42.1,39123,8.7,17.0,172000,634,63.2,36.8,10.5,32.1,91.5,0.9,2.4,0.1,0.1,2.9,2.1,44.4,52.1,42.6,4.396390869820822,0.19446361475346982,19.446361475346983
08107,08,107,Routt County,2019,2015-2019,25072,40.2,77443,3.1,10.9,535300,1282,71.2,28.8,8.2,35.4,95.7,0.9,0.4,1.1,0.0,0.9,0.9,7.0,89.7,43.599999999999994,6.912180571517116,0.19864932918404504,19.864932918404506
08109,08,109,Saguache County,2019,2015-2019,6592,49.0,38571,6.2,17.6,152700,631,71.5,28.5,10.3,41.4,90.2,0.5,2.0,0.0,0.0,2.9,4.4,36.3,58.6,51.7,3.958932877031967,0.1963132923699152,19.631329236991522
08111,08,111,San Juan County,2019,2015-2019,589,51.2,54625,2.0,5.3,322400,1019,62.6,37.4,21.3,11.1,97.3,0.0,1.0,0.0,0.0,0.0,1.7,8.5,88.8,32.4,5.902059496567506,0.22385354691075515,22.385354691075516
08113,08,113,San Miguel County,2019,2015-2019,8049,41.8,67038,2.5,11.3,479300,1140,61.0,39.0,6.2,43.7,94.7,0.0,0.6,1.9,0.0,1.0,1.8,10.7,85.8,49.900000000000006,7.149676302992333,0.20406336704555625,20.406336704555624
08115,08,115,Sedgwick County,2019,2015-2019,2322,44.1,43150,7.0,19.0,97100,556,71.4,28.6,5.0,44.1,93.7,0.8,0.6,0.9,0.0,2.5,1.4,13.4,84.5,49.1,2.250289687137891,0.1546234067207416,15.46234067207416
08117,08,117,Summit County,2019,2015-2019,30649,39.1,79277,3.2,8.0,579600,1393,65.5,34.5,13.6,33.8,91.3,1.1,0.4,0.6,0.3,4.5,1.9,14.3,82.1,47.4,7.311073829736241,0.2108556075532626,21.08556075532626
08119,08,119,Teller County,2019,2015-2019,24524,50.0,66592,5.8,8.2,292700,1102,82.5,17.5,6.2,39.8,94.7,0.8,0.4,0.8,0.0,0.5,2.7,6.6,88.7,46.0,4.395422873618453,0.198582412301778,19.8582412301778
08121,08,121,Washington County,2019,2015-2019,4868,41.6,50094,2.4,11.8,151300,734,66.9,33.1,9.2,23.2,95.3,1.3,0.1,0.6,0.0,1.1,1.5,10.0,86.9,32.4,3.0203217950253523,0.17582944065157505,17.582944065157506
08123,08,123,Weld County,2019,2015-2019,305345,34.4,74150,4.1,10.0,299000,1085,72.9,27.1,9.8,38.9,90.3,1.2,0.8,1.6,0.1,3.0,3.0,29.4,65.6,48.7,4.032366824005394,0.175590020229265,17.5590020229265
08125,08,125,Yuma County,2019,2015-2019,10003,37.8,52022,3.8,14.0,191800,823,66.9,33.1,8.0,30.6,95.8,1.1,0.6,0.0,0.0,0.9,1.5,23.4,74.7,38.6,3.686901695436546,0.1898427588328015,18.984275883280148
08001,08,001,Adams County,2024,2020-2024,530225,34.8,94571,4.6,9.8,484200,1781,68.6,31.4,11.6,45.8,55.0,3.6,1.7,3.9,0.2,13.0,22.7,42.8,45.2,57.4,5.119962779287519,0.2259889395269163,22.59889395269163
08003,08,003,Alamosa County,2024,2020-2024,16581,33.2,55397,3.7,17.2,239100,907,55.9,44.1,8.2,29.0,57.8,1.9,4.1,1.1,0.1,9.0,26.0,48.2,45.2,37.2,4.316118201346644,0.19647273318049713,19.647273318049713
08005,08,005,Arapahoe County,2024,2020-2024,659844,37.3,101087,5.0,8.6,561200,1891,64.7,35.3,11.0,45.4,59.2,10.9,1.0,6.1,0.3,7.3,15.2,21.7,55.2,56.4,5.551653526170527,0.2244799034495039,22.447990344950387
08007,08,007,Archuleta County,2024,2020-2024,13900,52.1,83065,1.3,8.2,478100,1432,80.1,19.9,7.3,43.2,80.0,0.0,2.4,0.7,0.0,10.3,6.6,16.6,77.4,50.5,5.755733461746825,0.20687413471377836,20.687413471377837
08009,08,009,Baca County,2024,2020-2024,3428,43.0,46215,0.6,24.6,122900,592,71.5,28.5,8.6,40.6,88.3,0.4,0.5,2.6,0.0,4.3,4.0,10.9,82.8,49.2,2.6593097479173426,0.1537163258682246,15.371632586822459
08011,08,011,Bent County,2024,2020-2024,5549,40.6,50179,5.8,28.4,146900,1162,65.2,34.8,8.1,50.8,67.3,3.2,2.3,0.9,0.2,10.4,15.6,32.5,53.7,58.9,2.927519480260667,0.2778851710875067,27.78851710875067
08013,08,013,Boulder County,2024,2020-2024,328961,37.7,103994,4.8,11.2,756300,1966,62.0,38.0,9.9,50.0,77.8,0.8,0.3,4.7,0.1,3.3,13.0,14.7,74.5,59.9,7.27253495393965,0.2268592418793392,22.68592418793392
08014,08,014,Broomfield County,2024,2020-2024,76304,38.6,123874,3.8,6.2,664500,2126,62.7,37.3,8.9,35.3,76.0,1.1,0.5,7.0,0.1,2.9,12.4,14.1,72.4,44.199999999999996,5.364321810872338,0.20595120848604226,20.595120848604225
08015,08,015,Chaffee County,2024,2020-2024,20178,48.7,84132,4.8,8.3,665700,1611,74.1,25.9,14.1,45.6,87.3,1.3,0.3,0.5,0.2,2.1,8.2,9.8,84.2,59.7,7.912565967764941,0.22978177150192555,22.978177150192554
08017,08,017,Cheyenne County,2024,2020-2024,1741,42.9,70865,0.4,8.2,187500,926,72.6,27.4,1.3,39.0,82.0,1.8,0.1,0.0,0.6,2.9,12.6,10.8,78.3,40.3,2.6458759613349327,0.15680519297255344,15.680519297255344
08019,08,019,Clear Creek County,2024,2020-2024,9262,49.1,94577,4.8,6.4,608500,1467,81.6,18.4,22.3,36.5,87.3,0.1,1.1,1.8,0.1,1.5,8.1,7.8,85.8,58.8,6.433910993159014,0.18613404950463644,18.613404950463643
08021,08,021,Conejos County,2024,2020-2024,7530,40.6,50978,4.8,11.7,193400,748,76.5,23.5,9.0,33.5,55.4,0.1,2.8,0.4,0.1,8.2,32.9,49.8,46.0,42.5,3.7937934010749736,0.1760759543332418,17.60759543332418
08023,08,023,Costilla County,2024,2020-2024,3607,50.5,36861,3.5,21.0,184700,927,79.0,21.0,4.4,45.8,44.2,2.5,4.5,1.5,0.0,8.7,38.5,54.7,37.3,50.199999999999996,5.010715932828735,0.3017823716122731,30.17823716122731
08025,08,025,Crowley County,2024,2020-2024,5647,40.8,48826,3.9,19.4,116200,984,69.5,30.5,6.2,46.3,63.9,6.6,4.6,1.7,0.3,4.3,18.7,29.0,55.7,52.5,2.379879572358989,0.24183836480563634,24.183836480563635
08027,08,027,Custer County,2024,2020-2024,5247,58.2,72674,3.7,12.7,392100,1069,85.3,14.7,7.0,42.5,90.5,0.0,0.1,1.1,0.0,3.1,5.3,4.2,88.9,49.5,5.395327077083964,0.1765142967223491,17.65142967223491
08029,08,029,Delta County,2024,2020-2024,31598,48.1,57774,3.2,14.0,343200,1121,77.9,22.1,11.2,46.2,84.4,0.7,0.6,0.5,0.0,2.8,10.9,14.5,79.8,57.400000000000006,5.9403884100114235,0.23283830096583238,23.283830096583237
08031,08,031,Denver County,2024,2020-2024,718877,35.3,94718,4.9,11.2,616000,1831,48.8,51.2,9.8,37.8,59.3,9.0,1.0,3.7,0.2,8.6,18.1,28.0,54.0,47.599999999999994,6.503515699233514,0.2319728034798032,23.19728034798032
08033,08,033,Dolores County,2024,2020-2024,2432,56.7,64907,2.5,21.6,247600,986,81.3,18.7,12.4,20.2,83.4,0.0,2.5,0.0,0.0,5.3,8.7,9.9,82.7,32.6,3.8146887084597965,0.1822915864236523,18.22915864236523
08035,08,035,Douglas County,2024,2020-2024,377150,39.6,149594,3.6,3.8,713600,2193,77.4,22.6,10.0,41.2,79.9,1.4,0.4,5.8,0.1,2.5,9.8,10.2,77.0,51.2,4.770244795914275,0.1759161463695068,17.59161463695068
08037,08,037,Eagle County,2024,2020-2024,55135,39.7,104096,4.7,8.7,839500,2019,65.9,34.1,9.0,55.7,65.4,0.6,0.2,1.5,0.1,7.5,24.6,30.4,62.2,64.7,8.064671072855825,0.23274669535813095,23.274669535813093
08041,08,041,El Paso County,2024,2020-2024,742999,35.1,90363,5.4,8.5,461000,1696,66.2,33.8,10.4,44.4,70.3,5.8,1.0,2.9,0.3,4.9,14.8,18.7,65.6,54.8,5.101645585029271,0.22522492613127054,22.522492613127053
08039,08,039,Elbert County,2024,2020-2024,27874,45.0,132685,3.4,5.3,709800,1311,95.0,5.0,9.0,32.5,84.8,0.8,0.3,0.7,0.4,1.5,11.6,9.2,82.8,41.5,5.349512002110261,0.11856652975091382,11.856652975091382
08043,08,043,Fremont County,2024,2020-2024,49634,44.7,62664,4.3,13.3,324000,1070,75.6,24.4,9.2,35.8,84.2,3.4,2.1,0.9,0.0,2.0,7.3,13.2,77.8,45.0,5.170432784373803,0.2049023362696285,20.49023362696285
08045,08,045,Garfield County,2024,2020-2024,62479,37.6,91131,3.4,8.2,527800,1637,69.6,30.4,11.2,35.0,68.5,0.9,0.5,0.9,0.1,12.2,16.8,32.6,61.5,46.2,5.791662551711273,0.21555782335319484,21.555782335319485
08047,08,047,Gilpin County,2024,2020-2024,5901,47.2,95361,3.1,11.2,573900,1658,87.5,12.5,7.9,33.2,87.8,2.6,1.1,1.1,0.0,0.2,7.3,7.4,84.8,41.1,6.0181835341491805,0.20863875169094284,20.863875169094285
08049,08,049,Grand County,2024,2020-2024,15895,45.4,88612,4.1,7.6,601500,1493,73.4,26.6,6.5,36.4,78.7,0.2,1.8,0.7,0.0,0.9,17.8,10.2,76.8,42.9,6.788019681307272,0.202184805669661,20.2184805669661
08051,08,051,Gunnison County,2024,2020-2024,17241,37.5,84527,4.7,11.3,621800,1252,66.8,33.2,6.1,44.7,87.1,1.6,0.6,0.9,0.1,2.2,7.5,10.0,84.1,50.800000000000004,7.356229370497001,0.17774202325884036,17.774202325884037
08053,08,053,Hinsdale County,2024,2020-2024,1005,48.5,75972,0.0,4.1,437900,1171,76.1,23.9,0.0,5.3,86.6,0.3,2.9,0.0,0.0,0.0,10.2,1.9,86.6,5.3,5.7639656715632075,0.18496288106144368,18.49628810614437
08055,08,055,Huerfano County,2024,2020-2024,6972,55.3,52526,8.0,17.3,247800,838,75.1,24.9,4.3,47.6,78.4,0.0,2.1,0.2,0.0,4.7,14.6,30.6,62.9,51.9,4.717663633248296,0.19144804477782432,19.144804477782433
08057,08,057,Jackson County,2024,2020-2024,1372,51.6,47667,9.2,14.6,239600,1701,71.1,28.9,9.5,49.5,86.7,1.3,0.4,0.0,0.0,0.1,11.4,10.5,86.6,59.0,5.026538275956113,0.42822078167285543,42.82207816728555
08059,08,059,Jefferson County,2024,2020-2024,579377,40.5,110656,3.9,6.7,637600,1861,70.7,29.3,10.5,42.5,79.5,1.2,0.7,2.9,0.1,2.9,12.7,16.1,75.2,53.0,5.762001156737999,0.20181463273568537,20.181463273568536
08061,08,061,Kiowa County,2024,2020-2024,1376,45.4,58618,0.1,11.8,161500,800,68.7,31.3,2.3,33.6,88.6,0.0,0.4,1.5,0.0,1.1,8.4,12.9,83.1,35.9,2.7551264116824186,0.16377222013715922,16.377222013715922
08063,08,063,Kit Carson County,2024,2020-2024,7023,39.5,70259,2.4,9.8,239500,973,72.6,27.4,11.6,27.8,78.6,0.1,0.7,0.2,0.0,10.1,10.2,20.2,74.9,39.4,3.408815952404674,0.16618511507422537,16.618511507422536
08067,08,067,La Plata County,2024,2020-2024,56331,43.2,86056,3.8,11.7,591500,1504,70.9,29.1,8.9,43.8,81.5,0.2,5.0,0.8,0.2,2.9,9.3,12.9,76.1,52.699999999999996,6.873431254067119,0.20972390071581296,20.972390071581295
08065,08,065,Lake County,2024,2020-2024,7380,37.3,96575,2.2,7.9,466100,1397,75.6,24.4,13.2,48.7,64.2,0.1,0.5,0.1,0.0,12.0,23.2,32.8,58.3,61.900000000000006,4.8263008024851155,0.1735852964017603,17.35852964017603
08069,08,069,Larimer County,2024,2020-2024,367368,36.8,93765,4.8,11.2,569100,1716,64.0,36.0,10.5,45.0,82.4,1.1,0.5,2.2,0.1,2.7,10.9,12.9,79.2,55.5,6.069428891377379,0.21961286194208926,21.961286194208927
08071,08,071,Las Animas County,2024,2020-2024,14413,46.6,52074,5.6,18.7,237600,891,68.6,31.4,12.1,39.8,68.8,1.7,4.3,1.4,0.1,4.3,19.4,38.8,54.2,51.9,4.562737642585551,0.20532319391634982,20.53231939163498
08073,08,073,Lincoln County,2024,2020-2024,5550,40.9,62861,1.4,9.8,246500,868,71.7,28.3,8.7,26.0,78.3,5.5,1.3,0.1,0.0,5.8,9.0,15.2,74.1,34.7,3.921350280778225,0.16569892302063283,16.569892302063284
08075,08,075,Logan County,2024,2020-2024,20892,39.2,51829,5.4,15.8,245300,1013,66.3,33.7,14.4,34.9,81.8,3.6,0.7,0.6,0.0,4.2,9.0,17.2,75.5,49.3,4.732871558393949,0.23454050820968955,23.454050820968956
08077,08,077,Mesa County,2024,2020-2024,158601,41.3,73658,5.4,10.7,378600,1182,72.5,27.5,8.5,40.3,82.4,0.6,0.8,0.9,0.0,3.2,12.0,15.5,78.4,48.8,5.139971218333379,0.19256564120665778,19.25656412066578
08079,08,079,Mineral County,2024,2020-2024,729,56.4,56250,9.1,10.0,430500,928,69.7,30.3,25.2,34.0,90.8,0.0,0.1,0.7,0.0,0.0,8.4,6.3,85.3,59.2,7.653333333333333,0.19797333333333333,19.797333333333334
08081,08,081,Moffat County,2024,2020-2024,13207,40.1,73849,4.5,8.4,289500,1039,69.4,30.6,5.8,27.6,83.3,0.0,0.7,0.5,0.1,4.5,10.9,16.8,76.5,33.4,3.920161410445639,0.16883099297214588,16.88309929721459
08083,08,083,Montezuma County,2024,2020-2024,26412,44.5,65244,3.9,13.3,331400,942,76.2,23.8,14.0,42.9,75.0,0.7,10.6,1.1,0.3,2.6,9.7,12.5,70.5,56.9,5.079394273802955,0.173257311017105,17.325731101710502
08085,08,085,Montrose County,2024,2020-2024,43807,46.1,72120,4.4,11.5,388400,1188,75.4,24.6,10.2,39.0,77.6,0.5,1.2,0.5,0.0,4.2,16.1,21.5,73.1,49.2,5.385468663338879,0.19767054908485857,19.767054908485857
08087,08,087,Morgan County,2024,2020-2024,29520,37.5,73278,5.3,14.3,338600,1025,67.3,32.7,7.6,43.7,63.8,2.0,2.2,0.7,0.2,6.1,24.9,38.4,54.6,51.300000000000004,4.620759300199241,0.1678539261442725,16.78539261442725
08089,08,089,Otero County,2024,2020-2024,18321,41.8,54037,6.7,22.1,168900,839,68.9,31.1,12.7,33.7,67.2,1.2,2.1,0.7,0.0,13.8,14.9,42.0,52.4,46.400000000000006,3.1256361382016027,0.18631678294501916,18.631678294501917
08091,08,091,Ouray County,2024,2020-2024,5087,55.4,91020,3.5,4.3,739800,1786,82.5,17.5,2.1,44.5,89.7,1.5,0.0,0.5,0.0,0.7,7.6,6.1,89.1,46.6,8.127883981542519,0.23546473302570864,23.546473302570863
08093,08,093,Park County,2024,2020-2024,17907,51.2,103670,3.3,5.0,532100,2161,86.2,13.8,6.4,28.7,88.9,0.9,0.4,1.1,0.0,2.0,6.7,7.6,85.3,35.1,5.132632391241439,0.25013986688530915,25.013986688530913
08095,08,095,Phillips County,2024,2020-2024,4496,40.9,64674,2.9,16.8,258200,999,71.9,28.1,10.1,23.8,78.2,0.0,1.6,0.1,0.0,4.9,15.1,28.9,69.4,33.9,3.9923307666140952,0.18536042304480935,18.536042304480933
08097,08,097,Pitkin County,2024,2020-2024,16985,47.2,102645,2.5,7.8,1139100,2004,62.8,37.2,7.6,45.7,83.6,0.6,0.3,2.0,0.0,5.3,8.2,11.4,80.3,53.300000000000004,11.097471869063277,0.23428320911880754,23.428320911880753
08099,08,099,Prowers County,2024,2020-2024,11910,37.7,53508,4.1,18.2,160600,808,67.1,32.9,19.8,39.3,64.9,1.0,1.5,0.3,0.0,18.2,14.2,40.5,55.0,59.099999999999994,3.0014203483591237,0.18120654855348733,18.120654855348732
08101,08,101,Pueblo County,2024,2020-2024,169356,40.4,64010,4.8,14.6,291300,1111,68.9,31.1,7.5,44.9,71.8,2.1,1.8,0.9,0.1,7.7,15.7,42.1,51.0,52.4,4.550851429464147,0.20827995625683488,20.82799562568349
08103,08,103,Rio Blanco County,2024,2020-2024,6544,37.8,65473,2.4,8.5,274400,919,74.3,25.7,10.5,18.2,85.9,0.0,0.6,0.7,0.0,2.1,10.7,10.8,82.0,28.7,4.191040581613795,0.16843584378293341,16.843584378293343
08105,08,105,Rio Grande County,2024,2020-2024,11321,41.7,64411,10.1,18.0,239500,945,67.1,32.9,2.6,36.2,73.0,0.6,3.5,0.1,0.0,6.8,16.1,40.7,54.7,38.800000000000004,3.7183089844902266,0.17605688469360822,17.60568846936082
08107,08,107,Routt County,2024,2020-2024,25084,43.4,106489,2.4,5.2,854700,1917,76.0,24.0,10.9,46.1,81.2,0.3,0.7,0.6,0.1,2.6,14.6,9.0,80.1,57.0,8.02618110790786,0.21602231216369766,21.602231216369766
08109,08,109,Saguache County,2024,2020-2024,6580,49.6,50082,10.3,17.8,212600,828,76.9,23.1,6.5,41.5,67.3,0.1,0.6,1.2,0.0,4.0,26.7,36.8,54.9,48.0,4.245038137454575,0.19839463280220437,19.839463280220436
08111,08,111,San Juan County,2024,2020-2024,724,37.5,77824,9.4,21.3,432500,992,52.9,47.1,3.9,40.4,85.5,0.0,1.0,0.0,0.0,0.0,13.5,18.2,76.2,44.3,5.557411595394737,0.15296052631578946,15.296052631578947
08113,08,113,San Miguel County,2024,2020-2024,7968,43.3,79024,2.7,9.3,720700,1149,63.0,37.0,3.4,50.1,84.9,1.0,0.1,0.6,0.0,2.0,11.3,11.7,84.0,53.5,9.120014172909496,0.1744786394006884,17.44786394006884
08115,08,115,Sedgwick County,2024,2020-2024,2304,42.6,52386,2.9,13.0,149000,774,71.8,28.2,10.9,46.9,80.8,1.0,0.1,1.8,0.0,3.9,12.5,19.4,72.7,57.8,2.844271370213416,0.17729927843316917,17.72992784331692
08117,08,117,Summit County,2024,2020-2024,31017,39.5,109773,5.0,7.7,939900,1928,72.1,27.9,7.6,44.2,76.5,0.4,0.4,1.6,0.4,1.3,19.5,17.2,74.5,51.800000000000004,8.562214752261484,0.21076220928643655,21.076220928643654
08119,08,119,Teller County,2024,2020-2024,24825,52.2,85361,3.7,7.6,479900,1880,81.0,19.0,11.3,43.3,86.1,0.9,0.2,0.3,0.1,2.1,10.4,7.7,83.9,54.599999999999994,5.622005365447921,0.2642893124494793,26.42893124494793
08121,08,121,Washington County,2024,2020-2024,4831,41.3,67167,3.1,8.1,226200,947,73.6,26.4,13.3,22.7,87.0,1.2,0.6,0.6,0.0,3.8,6.9,11.8,83.3,36.0,3.367725222207334,0.1691902273437849,16.91902273437849
08123,08,123,Weld County,2024,2020-2024,350396,35.3,97097,4.8,9.6,471700,1539,76.0,24.0,10.0,45.5,72.7,1.5,1.1,1.6,0.1,8.6,14.3,31.0,62.0,55.5,4.858028569368775,0.1902015510262933,19.020155102629328
08125,08,125,Yuma County,2024,2020-2024,9979,40.5,60545,4.5,17.9,211700,942,68.9,31.1,7.2,43.3,71.0,0.3,0.8,0.3,0.1,4.8,22.8,30.3,66.9,50.5,3.496572797093071,0.18670410438516805,18.670410438516804
